Model,Precision,Recall,F1 Score,ROC-AUC,Average Precision
Logistic Regression,0.024033787068546426,0.9628727936701157,0.046897001497028176,0.9907060705186534,0.5596326633774253
Random Forest,1.0,0.9975654290931223,0.9987812309567337,0.9990864492402483,0.9980192448087188
XGBoost,0.1762295081967213,0.9945222154595252,0.2994044892349977,0.9946181400217707,0.1783169332332799
